plp,
/product/121,
/product/122,
/product/123
/product/124
/product/125
/product/126
/product/127
/product/128
/product/129
/product/130
/product/131
/product/132
/product/133
/product/134
/product/135
/product/136
/product/137
/product/138
/product/139
/product/140
/product/141
/product/142
/product/143
/product/144
/product/145
/product/146
/product/147
/product/148
/product/149
/product/150
/product/151
/product/152
/product/153
/product/154
/product/155
/product/156
/product/157
/product/158
/product/159
/product/160
/product/161
/product/162
/product/163
/product/164
/product/165
/product/166
/product/167
/product/168
/product/169
/product/170
/product/171
/product/172
/product/173
/product/174
/product/175
/product/176
/product/177
/product/178
/product/179
/product/180
/product/181
/product/182
/product/183
/product/184
/product/185
/product/186
/product/187
/product/188
/product/189
/product/190
/product/191
/product/192
/product/193
/product/194
/product/195
/product/196
/product/197
/product/198
/product/199
/product/200
/product/201
/product/202
/product/203
/product/204
/product/205
/product/206
/product/207
/product/208
/product/209
/product/210
/product/211
/product/212
/product/213
/product/214
/product/215
/product/216
/product/217
/product/218
/product/219
/product/220
/product/221
/product/222
/product/223
/product/224
/product/225
/product/226
/product/227
/product/228
/product/229
/product/230
/product/231
/product/232
/product/233
/product/234
/product/235
/product/236
/product/237
/product/238
/product/239
/product/240
/product/241
/product/242
/product/243
/product/244
/product/245
/product/246
/product/247
/product/248
/product/249
/product/250
/product/251
/product/252
/product/253
/product/254
/product/255
/product/256
/product/257
/product/258
/product/259
/product/260
/product/261
/product/262
/product/263
/product/264
/product/265
/product/266
/product/267
/product/268
/product/269
/product/270
/product/271
/product/272
/product/273
/product/274
/product/275
/product/276
/product/277
/product/278
/product/279
/product/280
/product/281
/product/282
/product/283
/product/284
/product/285
/product/286
/product/287
/product/288
/product/289
/product/290
/product/291
/product/292
/product/293
/product/294
/product/295
/product/296
/product/297
/product/298
/product/299
/product/300
/product/301
/product/302
/product/303
/product/304
/product/305
/product/306
/product/307
/product/308
/product/309
/product/310
/product/311
/product/312
/product/313
/product/314
/product/315
/product/316
/product/317
/product/318
/product/319
/product/320
/product/304
/product/305
/product/306
/product/307
/product/308
/product/309
/product/310
/product/311
/product/312
/product/313
/product/314
/product/315
/product/316
/product/317
/product/318
/product/319